Kenyan Flag bracelet | Beaded Bracelet | Kenya Hakuna Matata,"Kenyan Flag bracelet | Beaded Bracelet | Kenya Hakuna Matata


Show your love for Kenya by getting this beautiful Piece.


We can also custom make any for your Country.


Go on and get yours!",29.95,USD,4,"kenya,hakuna_matata,patriot,birthday,independence_day,4th_of_july",,https://i.etsystatic.com/17434867/r/il/35b272/1484866464/il_fullxfull.1484866464_gezb.jpg,https://i.etsystatic.com/17434867/r/il/9fff97/1532353867/il_fullxfull.1532353867_bg3w.jpg,https://i.etsystatic.com/17434867/r/il/e0857b/1532353887/il_fullxfull.1532353887_7w75.jpg,https://i.etsystatic.com/17434867/r/il/ee60cd/1484866822/il_fullxfull.1484866822_1215.jpg,https://i.etsystatic.com/17434867/r/il/d12d3d/1532354243/il_fullxfull.1532354243_pkha.jpg,,,,,,,,,,,,135
On SALE Blue African Waist Beads | Slimming beads | Sexy Beads | Tummy beads,"On SALE blue African Waist Beads | Slimming beads | Sexy Beads | Tummy beads 

African waist beads for the Woman who wants to look and feel sexy and confident.

They are worn as an accessory when wearing low tops or a bikini and make heads turn!!, accentuate your feminine figure, help in tracking your weight loss journey, are a kinky addition in the bedroom or wherever ðŸ˜‰  and just give you that sexy look when you feel like it!!

They come in various colors so choose as many colors as you like & take advantage of the wholesale prices with FREE SHIPPING ðŸ˜‰!!

Choose the colors you love and bring out the sexy, sensual Woman in you ðŸ˜‰

Wholesale Prices with FREE Priority Shipping available:

-5 Pieces Waist beads USD 29.99
-10 Pieces Waist beads USD 44.99
-20 Pieces Waist beads USD 59.99
-30 Pieces Waist beads USD 69.99
-40 Pieces Waist beads USD 79.99
-50 Pieces Waist beads USD 89.99
-60 Pieces Waist beads USD 99.99
-70 Pieces Waist beads USD 109.50


Please Measure your Waist below your stomach to get the perfect fit, not tight just easy ðŸ˜‰

Go on and make order yours!!

Expedited Shipping to the U.S takes 3 - 5 days!

FREE SHIPPING on All orders above $29.99.",5.99,USD,100,"Sexy,Sexy_Woman,For_Her,Waist_beads,Love_making,sensual_beads,sexy_beads,sex_night,kinky,bedroom_things,green",Glass,https://i.etsystatic.com/17434867/r/il/44c293/2407445768/il_fullxfull.2407445768_dve2.jpg,https://i.etsystatic.com/17434867/r/il/7f37c9/2407445958/il_fullxfull.2407445958_pcym.jpg,,,,,,,,,Custom Property,Waist Size,"24,25,26,27,28,29,30,31,32,33,34,35,36,37,38,39,40",,,,lils22
On SALE Green African Waist Beads | Slimming beads | Sexy Beads | Tummy beads,"On SALE Green African Waist Beads | Slimming beads | Sexy Beads | Tummy beads 


African waist beads for the Woman who wants to look and feel sexy and confident.

They are worn as an accessory when wearing low tops or a bikini and make heads turn!!, accentuate your feminine figure, help in tracking your weight loss journey, are a kinky addition in the bedroom or wherever ðŸ˜‰  and just give you that sexy look when you feel like it!!

They come in various colors so choose as many colors as you like & take advantage of the wholesale prices with FREE SHIPPING ðŸ˜‰!!

Choose the colors you love and bring out the sexy, sensual Woman in you ðŸ˜‰
Wholesale Prices with FREE Priority available:
-5 Pieces Waist beads USD 29.99
-10 Pieces Waist beads USD 44.99
-20 Pieces Waist beads USD 59.99
-30 Pieces Waist beads USD 69.99
-40 Pieces Waist beads USD 79.99
-50 Pieces Waist beads USD 89.99
-60 Pieces Waist beads USD 99.99
-70 Pieces Waist beads USD 109.50

Please Measure your Waist below your stomach to get the perfect fit, not tight just easy ðŸ˜‰

Go on and make order yours!!

Expedited Shipping to the U.S takes 3 - 5 days!

FREE SHIPPING on All orders above $29.99.",5.99,USD,100,"Sexy,Sexy_Woman,For_Her,Waist_beads,Love_making,sensual_beads,sexy_beads,sex_night,kinky,bedroom_things,green,weight_loss",Glass,https://i.etsystatic.com/17434867/r/il/7f13f8/2454953129/il_fullxfull.2454953129_lmcz.jpg,https://i.etsystatic.com/17434867/r/il/425314/2454954515/il_fullxfull.2454954515_ikuf.jpg,,,,,,,,,Custom Property,Waist Size,"24,25,26,27,28,29,30,31,32,33,34,35,36,37,38,39,40",,,,lils21
Dashiki Snoodie | Ankara Snoodie Jumper | Africa Inspired Patterns | Unisex | Black,"Dashiki Snoodie | Ankara Snoodie Jumper | Africa Inspired Patterns | Unisex | Black


African inspire Dashiki /Ankara Snoodie that's stylish and Unique to wear.


Can complement your casual outfit very well.


Available in various sizes, just order your size.


Go on and get yourself this Awesome piece.",69.95,USD,8,"Birthday,him,her,gift,African_dashiki,africa_colors,Tribal_design,unisex_",,https://i.etsystatic.com/17434867/r/il/c4faf8/1484629818/il_fullxfull.1484629818_333v.jpg,https://i.etsystatic.com/17434867/r/il/5adb73/1484629844/il_fullxfull.1484629844_l8z2.jpg,https://i.etsystatic.com/17434867/r/il/d86754/1484629926/il_fullxfull.1484629926_4cin.jpg,https://i.etsystatic.com/17434867/r/il/f7619b/1484630038/il_fullxfull.1484630038_3asw.jpg,,,,,,,,,,,,,50
On SALE Black African Waist Beads | Slimming beads | Sexy Beads | Tummy beads | Weight Loss Beads | Wholesale Prices,"On SALE African Waist Beads | Slimming beads | Sexy Beads | Tummy beads 


African waist beads for the Woman who wants to look and feel sexy and confident.

-Worn as an accessory when wearing low tops or a bikini and make heads turn!!, accentuate your feminine figure.

-Track your weight loss journey, are a kinky addition in the bedroom or wherever ðŸ˜‰  and just give you that sexy look when you feel like it!!

They come in various colors so choose as many colors as you like & take advantage of the wholesale prices with FREE SHIPPING ðŸ˜‰!!

Choose the colors you love and bring out the sexy, sensual Woman in you ðŸ˜‰

Wholesale Prices with FREE Priority available:

-5 Pieces Waist beads USD 29.99
-10 Pieces Waist beads USD 44.99
-20 Pieces Waist beads USD 59.99
-30 Pieces Waist beads USD 69.99
-40 Pieces Waist beads USD 79.99
-50 Pieces Waist beads USD 89.99
-60 Pieces Waist beads USD 99.99
-70 Pieces Waist beads USD 109.50


Please Measure your Waist below your stomach to get the perfect fit, not tight just easy ðŸ˜‰

Go on and make order yours!!

Expedited Shipping to the U.S takes 3 - 5 days!

FREE SHIPPING on All orders above $29.99.",5.99,USD,99,"Sexy,Sexy_Woman,For_Her,Waist_beads,Love_making,sensual_beads,sexy_beads,sex_night,kinky,bedroom_things,red,blue,Weight_loss",Glass,https://i.etsystatic.com/17434867/r/il/96b22c/2528548279/il_fullxfull.2528548279_g74n.jpg,https://i.etsystatic.com/17434867/r/il/138da2/2528548377/il_fullxfull.2528548377_bkqq.jpg,,,,,,,,,Custom Property,Waist Size,"24,25,26,27,28,29,30,31,32,33,34,35,36,37,38,39,40",,,,lils22
On SALE African Maasai Earrings | Beaded Earrings | Yellow Earrings,"On SALE African Maasai Earrings | Beaded Earrings | Yellow Earrings


Authentic African Beaded earrings made dilligently with genuine traditional beads.


Very light and can complement either formal or casual outfits!


Go on, get a pair and look awesome!

Follow the Link below for more beautiful pieces!
https://www.etsy.com/shop/TribalMaasaiShop?section_id=23684465",13.99,USD,18,"Maasai_Earrings,birthday,gift_for_her,ladies,queen,Woman,White,African_Woman,Yellow",,https://i.etsystatic.com/17434867/r/il/fb490a/2364556477/il_fullxfull.2364556477_mzvs.jpg,https://i.etsystatic.com/17434867/r/il/67bc4f/2364556581/il_fullxfull.2364556581_frfo.jpg,https://i.etsystatic.com/17434867/r/il/ce570a/2316968718/il_fullxfull.2316968718_pndg.jpg,,,,,,,,,,,,,,lils001
On SALE African Orange Zulu Multicolored Necklace| Zulu Necklace | Stylish | Gift Her | Masai Mara,"On SALE African Orange Zulu Multicolored Necklace| Zulu Necklace | Stylish | Gift Her | Masai Mara

Zulu necklace. It is made and worn by Zulu Women as an accessory during special events.

One size fits all.

Can complement your casual outfit beautifully.

Go on and get this awesome Piece!

Please follow the link for more African inspired Necklaces
https://www.etsy.com/shop/TribalMaasaiShop?ref=search_shop_redirect&section_id=23761534",22.95,USD,3,"wedding,bridal_shower,birthday,gift_for_her,sexy,valentines,masai_necklace,bead_necklace,african_necklace,love_gift,boho_necklace,masai_neckalce,orange",,https://i.etsystatic.com/17434867/r/il/8cadde/1642524109/il_fullxfull.1642524109_96ba.jpg,https://i.etsystatic.com/17434867/r/il/7b23ba/1595087472/il_fullxfull.1595087472_ilrw.jpg,https://i.etsystatic.com/17434867/r/il/47c2e2/1642524333/il_fullxfull.1642524333_m4y7.jpg,https://i.etsystatic.com/17434867/r/il/4177c5/1642525869/il_fullxfull.1642525869_a99o.jpg,,,,,,,,,,,,,63
On SALE African Yellow Beaded Multicolored Necklace| Maasai choker Necklace | Stylish | Gift Her | Masai Mara,"On SALE African Yellow Beaded Multicolored Necklace| Maasai choker Necklace | Stylish | Gift Her | Masai Mara

Yellow Maasai necklace. It is made and worn by Kenyan Maasai Women at home as a casual accessory.

One size fits all.


Can complement your casual outfit beautifully.


Go on and get this awesome Piece!

Please follow the link for more African inspired Necklaces
https://www.etsy.com/shop/TribalMaasaiShop?ref=seller-platform-mcnavÂ§ion_id=23761534",17.99,USD,19,"wedding,bridal_shower,birthday,gift_for_her,sexy,necklace,valentines,masai_necklace,bead_necklace,african_necklace,love_gift,boho_necklace,yellow",,https://i.etsystatic.com/17434867/r/il/114471/1570677923/il_fullxfull.1570677923_st66.jpg,https://i.etsystatic.com/17434867/r/il/211b80/1523213492/il_fullxfull.1523213492_irpt.jpg,https://i.etsystatic.com/17434867/r/il/a9689a/1570677787/il_fullxfull.1570677787_50no.jpg,https://i.etsystatic.com/17434867/r/il/d363de/1523213884/il_fullxfull.1523213884_6y9s.jpg,https://i.etsystatic.com/17434867/r/il/990305/1570678905/il_fullxfull.1570678905_o65p.jpg,,,,,,,,,,,,
ON SALE Red okre Maasai Earrings | Tribal Earrings | Masai Earrings | Maasai Mara Earrings | Maasai beads,"Red okre Maasai Earrings | Tribal Earrings | Masai Earrings | Maasai Mara Earrings | Maasai beads


Authentic African beaded Earrings from Kenyan Maasai.


Can be worn with casually for that summer outing at the beach or on a pic nic.


Get yourself a pair of these beautiful pieces!

Follow the Link below for more beautiful pieces!
https://www.etsy.com/shop/TribalMaasaiShop?section_id=23684465",9.99,USD,5,"Maasai_Earrings,birthday,gift_for_her,ladies,queen,Woman,Red,sun_kissed",,https://i.etsystatic.com/17434867/r/il/1d4e7f/1479707788/il_fullxfull.1479707788_bry2.jpg,https://i.etsystatic.com/17434867/r/il/2b9173/1527188769/il_fullxfull.1527188769_9cj5.jpg,,,,,,,,,,,,,,,71
Blue Red Maasai Shuka | Warrior Shuka | Campfire Side African Shawl | Warrior Shawl | Camping Shawl |Tv Blanket,"Authentic Traditional African Shawl or Shuka Ideal for those cold nights by the campfire or in the house watching telly.


Very colorful and warm.


The shuka is 200cm long and 150cm wide. Made of 100% pure Acrylic.


Itâ€™s a unisex shawl and can be bought for anyone going camping.


Shipping is Charged on the first Item only. Additional Items Ship for FREE!!


3-5 Days Express Shipping Via DHL.


Go on and get yourself or a loved one!",49.95,USD,19,"shawl,tv_blanket,for_him,maasai,camping,blue",,https://i.etsystatic.com/17434867/r/il/d4c634/2490833996/il_fullxfull.2490833996_g1w9.jpg,https://i.etsystatic.com/17434867/r/il/52cb89/2538503511/il_fullxfull.2538503511_lebj.jpg,https://i.etsystatic.com/17434867/r/il/d7d5a2/3559610435/il_fullxfull.3559610435_12a5.jpg,https://i.etsystatic.com/17434867/r/il/b64530/3511974578/il_fullxfull.3511974578_o6k3.jpg,https://i.etsystatic.com/17434867/r/il/589146/3511974640/il_fullxfull.3511974640_ip4j.jpg,https://i.etsystatic.com/17434867/r/il/03f951/3511974708/il_fullxfull.3511974708_1fe8.jpg,https://i.etsystatic.com/17434867/r/il/7e433d/3511974800/il_fullxfull.3511974800_uzof.jpg,,,,,,,,,,lils9
ON SALE Round Earth Maasai Earrings | brown Earrings | Light Chocolate Earrings | Maasai Mara Earrings | Maasai beads,"Round Earth Maasai Earrings | brown Earrings | Light Chocolate Earrings | Maasai Mara Earrings | Maasai beads.


Authentic African beaded Earrings from Kenyan Maasai.


Can be worn with both formal or casual wear.


Get yourself a pair of these beautiful pieces!",9.99,USD,5,"Maasai_Earrings,birthday,gift_for_her,ladies,queen,Woman,White,brown,round,circular",,https://i.etsystatic.com/17434867/r/il/1725e6/1479672710/il_fullxfull.1479672710_o9bd.jpg,https://i.etsystatic.com/17434867/r/il/13b0f7/1527150931/il_fullxfull.1527150931_tnxl.jpg,https://i.etsystatic.com/17434867/r/il/760249/1527150963/il_fullxfull.1527150963_jtgz.jpg,https://i.etsystatic.com/17434867/r/il/5af878/1479683388/il_fullxfull.1479683388_oorp.jpg,,,,,,,,,,,,,137
Dashiki jacket | Ankara Jacket | Africa Inspired Patterns | Ladies zipper | For Her | Black and Blue,"Dashiki jacket | Ankara Jacket | Africa Inspired Patterns | Ladies zipper | For Her | Black and Blue


African inspire Dashiki /Ankara Jacket that's stylish and Beautiful to wear.


Can complement your casual outfit very well.


Available in various sizes, just order your size. Available in Black and Blue.


Go on and get yourself this Awesome piece.",69.95,USD,7,"Dashiki_hoodie,Ankara_hoodie_Jumper,Unisex,black",,https://i.etsystatic.com/17434867/r/il/7e3374/1484815354/il_fullxfull.1484815354_nj6s.jpg,https://i.etsystatic.com/17434867/r/il/b12634/1484815484/il_fullxfull.1484815484_dpek.jpg,https://i.etsystatic.com/17434867/r/il/a6f3d0/1532302435/il_fullxfull.1532302435_jphw.jpg,https://i.etsystatic.com/17434867/r/il/8c4a25/1532302483/il_fullxfull.1532302483_jkct.jpg,,,,,,,,,,,,,142
On SALE African Orange Beaded Multicolored Necklace | Orange Necklace | Maasai Necklace,"On SALE African Orange Beaded Multicolored Necklace | Orange Necklace | Maasai Necklace.


Multicolored Orange maasai necklace with intricate colors and patterns. It is made and worn by Kenyan Maasain Women  on Special occassions.


Can complement your formal or casual outfit beautifully.


Go on and get this awesome Piece!

Please follow the link for more African inspired Necklaces
https://www.etsy.com/shop/TribalMaasaiShop?ref=seller-platform-mcnav&section_id=23761534",18.95,USD,3,"wedding,bridal_shower,birthday,gift_for_her,sexy,valentines,masai_necklace,bead_necklace,african_necklace,love_gift,boho_necklace,masai_neckalce,orange",,https://i.etsystatic.com/17434867/r/il/af5df8/1569630157/il_fullxfull.1569630157_jraf.jpg,https://i.etsystatic.com/17434867/r/il/b48689/1569630945/il_fullxfull.1569630945_hqts.jpg,https://i.etsystatic.com/17434867/r/il/39ed01/1569632739/il_fullxfull.1569632739_pxkr.jpg,https://i.etsystatic.com/17434867/r/il/03a0d1/1569632261/il_fullxfull.1569632261_344f.jpg,https://i.etsystatic.com/17434867/r/il/6df471/1569633059/il_fullxfull.1569633059_2ng5.jpg,https://i.etsystatic.com/17434867/r/il/cf7880/1569632569/il_fullxfull.1569632569_fn3d.jpg,,,,,,,,,,,
ON SALE Maasai Wrap Bracelet I Masai Bracelet I African bracelet I kenyan beaded bracelet I African fashion I Masai red,"Authentic African fashion, African Chic, beaded with leather finishing and Fasteners.

Unisex ideal for that casual look ,summer, outdoors. 

Go on and order your piece of Africa!!!",41.95,USD,7,"Maasai_Earrings,birthday,gift_for_her,ladies,queen,Woman,White,beaded_bracelet",,https://i.etsystatic.com/17434867/r/il/750522/1524660629/il_fullxfull.1524660629_tc5k.jpg,https://i.etsystatic.com/17434867/r/il/533a96/1477183300/il_fullxfull.1477183300_edoj.jpg,https://i.etsystatic.com/17434867/r/il/102656/1524665869/il_fullxfull.1524665869_96vu.jpg,https://i.etsystatic.com/17434867/r/il/b5ad60/1525418983/il_fullxfull.1525418983_de5p.jpg,https://i.etsystatic.com/17434867/r/il/d4e5db/1477939248/il_fullxfull.1477939248_jart.jpg,,,,,,,,,,,,138
ON SALE Beautiful African Maasai | Masai Ladies Earrings | Beaded Earrings | Handmade Orange Earrings | Maasai Kenya,"These beautiful beaded Earrings will make you look lovely like the traditional Maasai women who wear them every day in the Plains of East Africa.

The Earrings are made by carefully weaving a thin wire into the colorful beads that are authentic and durable. The traditional Earrings have become very popular and are worn both with casual and formal wear. The dimensions are 3*1.5*1

Go on and order your pair today and wear a piece of africa wherever you go!

Follow the Link below for more beautiful pieces!
https://www.etsy.com/shop/TribalMaasaiShop?section_id=23684465",9.99,USD,7,"Maasai_Earrings,birthday,gift_for_her,ladies,queen,Woman,White,African_Woman",,https://i.etsystatic.com/17434867/r/il/7e245d/1467952062/il_fullxfull.1467952062_kukm.jpg,https://i.etsystatic.com/17434867/r/il/d0907d/1515206633/il_fullxfull.1515206633_avpv.jpg,https://i.etsystatic.com/17434867/r/il/db7b25/1524690669/il_fullxfull.1524690669_ohix.jpg,https://i.etsystatic.com/17434867/r/il/6d518b/1477939464/il_fullxfull.1477939464_kj4w.jpg,https://i.etsystatic.com/17434867/r/il/d50f5a/1525419789/il_fullxfull.1525419789_zmc7.jpg,,,,,,,,,,,,140
On SALE Brown African Waist Beads | Slimming beads | Sexy Beads | Tummy beads,"On SALE Brown African Waist Beads | Slimming beads | Sexy Beads | Tummy beads 

African waist beads for the Woman who wants to look and feel sexy and confident.

They are worn as an accessory when wearing low tops or a bikini and make heads turn!!, accentuate your feminine figure, help in tracking your weight loss journey, are a kinky addition in the bedroom or wherever ðŸ˜‰  and just give you that sexy look when you feel like it!!

They come in various colors so choose as many colors as you like & take advantage of the wholesale prices with FREE SHIPPING ðŸ˜‰!!

Choose the colors you love and bring out the sexy, sensual Woman in you ðŸ˜‰
Wholesale Prices with FREE Priority available:
-5 Pieces Waist beads USD 29.99
-10 Pieces Waist beads USD 44.99
-20 Pieces Waist beads USD 59.99
-30 Pieces Waist beads USD 69.99
-40 Pieces Waist beads USD 79.99
-50 Pieces Waist beads USD 89.99
-60 Pieces Waist beads USD 99.99
-70 Pieces Waist beads USD 109.50

Please Measure your Waist below your stomach to get the perfect fit, not tight just easy ðŸ˜‰

Go on and make order yours!!

Expedited Shipping to the U.S takes 3 - 5 days!

FREE SHIPPING on All orders above $29.99.",5.99,USD,20,"Sexy,Sexy_Woman,For_Her,Waist_beads,Love_making,sensual_beads,sexy_beads,sex_night,kinky,weight_loss",Glass,https://i.etsystatic.com/17434867/r/il/f05365/2395681964/il_fullxfull.2395681964_9arp.jpg,https://i.etsystatic.com/17434867/r/il/76cf71/2443307741/il_fullxfull.2443307741_ib3d.jpg,,,,,,,,,Chain length,Length,"24,25,26,27,28,29,30,31,32,33,34,35,36,37,38,39,40",,,,lils21
On SALE African Turquoise Waist Beads | Slimming beads | Sexy Beads | Tummy beads,"On SALE African Waist Beads | Slimming beads | Sexy Beads | Tummy beads 

African waist beads for the Woman who wants to look and feel sexy and confident.

They are worn as an accessory when wearing low tops or a bikini and make heads turn!!, accentuate your feminine figure, help in tracking your weight loss journey, are a kinky addition in the bedroom or wherever ðŸ˜‰  and just give you that sexy look when you feel like it!!

They come in various colors so choose as many colors as you like & take advantage of the wholesale prices with FREE SHIPPING ðŸ˜‰!!

Choose the colors you love and bring out the sexy, sensual Woman in you ðŸ˜‰
Wholesale Prices with FREE Priority available:
-5 Pieces Waist beads USD 29.99
-10 Pieces Waist beads USD 44.99
-20 Pieces Waist beads USD 59.99
-30 Pieces Waist beads USD 69.99
-40 Pieces Waist beads USD 79.99
-50 Pieces Waist beads USD 89.99
-60 Pieces Waist beads USD 99.99
-70 Pieces Waist beads USD 109.50


Please Measure your Waist below your stomach to get the perfect fit, not tight just easy ðŸ˜‰

Go on and make order yours!!

Expedited Shipping to the U.S takes 3 - 5 days!

FREE SHIPPING on All orders above $29.99.",5.99,USD,20,"Sexy,waist_beads,sensual,for_her,spice,lovemaking,love,tummy_beads",Glass,https://i.etsystatic.com/17434867/r/il/7e48d2/2395660934/il_fullxfull.2395660934_pdy5.jpg,https://i.etsystatic.com/17434867/r/il/149e18/2395661066/il_fullxfull.2395661066_2db9.jpg,https://i.etsystatic.com/17434867/r/il/013405/2480892062/il_fullxfull.2480892062_sz2u.jpg,,,,,,,,Chain length,Length,"24,25,26,27,28,29,30,31,32,33,34,35,36,37,38,39,40",,,,lils20
Red Maasai Shuka | Warrior Shuka | Campfire Side African Shawl | Warrior Shawl | Camping Shawl |,"Authentic Traditional African Shawl or Shuka Ideal for those cold nights by the campfire or in the house watching telly.

Very colorful and warm.


The shuka is 200cm long and 150cm wide. Made of 100% pure Acrylic.


Its a unisex shawl and can be bought anyone going camping.


Go on and get yourself or a loved one!",49.95,USD,15,"Maasai_Shuka,Warrior_Shuka,Warrior_Shawl,Couch_cover,movie_night,Fireside_warmth,campfire_blanket,Maasai_Shawl,Camping,Scouts,night_out,red,checked_",,https://i.etsystatic.com/17434867/r/il/f3ba8e/1526300875/il_fullxfull.1526300875_1syv.jpg,https://i.etsystatic.com/17434867/r/il/3655d8/1526300927/il_fullxfull.1526300927_mkx0.jpg,https://i.etsystatic.com/17434867/r/il/2cc764/1478823402/il_fullxfull.1478823402_gr2z.jpg,https://i.etsystatic.com/17434867/r/il/562459/1478823444/il_fullxfull.1478823444_1u4m.jpg,https://i.etsystatic.com/17434867/r/il/61a766/1526301067/il_fullxfull.1526301067_mev5.jpg,https://i.etsystatic.com/17434867/r/il/31f54b/1526301115/il_fullxfull.1526301115_e6tb.jpg,https://i.etsystatic.com/17434867/r/il/fd75c3/1478843852/il_fullxfull.1478843852_fpa3.jpg,,,,,,,,,,141
White Black African Wrap Kikoi | African kikoy | Swahili Wrap | Beach Wrap |Stripped,"White Black African Wrap Kikoi Sarong | African kikoy | Swahili Wrap | Beach Wrap |Stripped


Authentic African Kikoi / Wrap worn by east African Coastal communities. 


Ideal for use as a beach towel or as a wrap for a windy night out at the beach or at a campsite. Can also be used at a picnic or tablecloth outdoors or covering your sofa/seat to give your house a relaxed feel.


It measures 64 by 39 Inches and comes in different colors and is made of pure African Cotton.

Go on and order one for you and yours!",44.95,USD,1,"Kikoi,sarong,beach_towel,birthday,gift_for_her,Swahili,African_Woman,green,cotton,beach_wrap,valentines,shuka,love",,https://i.etsystatic.com/17434867/r/il/ffc7ea/2408394037/il_fullxfull.2408394037_9wgc.jpg,https://i.etsystatic.com/17434867/r/il/adb189/2408394317/il_fullxfull.2408394317_8skq.jpg,https://i.etsystatic.com/17434867/r/il/eb2db1/2408394483/il_fullxfull.2408394483_o6l7.jpg,,,,,,,,,,,,,,lils10
Multicolored Brown Red Blue African Wrap Kikoi | African kikoy | Swahili Wrap | Beach Wrap |Stripped,"Multicolored  Red Blue African Wrap Kikoi | African kikoy | Swahili Wrap | Beach Wrap |Stripped


Authentic African Kikoi / Wrap worn by east African Coastal communities. 


Ideal for use as a beach towel or as a wrap for a windy night out at the beach or at a campsite. Can also be used at a picnic or tablecloth outdoors or covering your sofa/seat to give your house a relaxed feel.


It measures 64 by 39 Inches and comes in different colors and is made of pure African Cotton.

Go on and order one for you and yours!
Pls follow the link for more awesome Kikoys/Scarves!! https://www.etsy.com/shop/TribalMaasaiShop?section_id=23989147",44.95,USD,1,"Kikoi,sarong,beach_towel,summer,birthday,gift_for_her,ladies,queen,Swahili,Woman,African_Woman,Blue,cotton",,https://i.etsystatic.com/17434867/r/il/42fb59/2427406645/il_fullxfull.2427406645_a59v.jpg,https://i.etsystatic.com/17434867/r/il/032a36/2427406913/il_fullxfull.2427406913_du13.jpg,https://i.etsystatic.com/17434867/r/il/031fb9/2379799628/il_fullxfull.2379799628_opvx.jpg,https://i.etsystatic.com/17434867/r/il/422a68/2427406969/il_fullxfull.2427406969_di44.jpg,https://i.etsystatic.com/17434867/r/il/795815/2379799436/il_fullxfull.2379799436_q130.jpg,,,,,,,,,,,,67
ON SALE Beautiful African Maasai I Green Earrings I Kenyan Ladies Earrings I Beaded Handmade Masai,"These beautiful beaded Earrings will make you look lovely like the traditional Maasai women who wear them every day in the Plains of East Africa.

The Earrings are made by carefully weaving a thin wire into the colorful beads that are authentic and durable. The traditional Earrings have become very popular and are worn both with casual and formal wear. The dimensions are 3*1.5*1

Go on and order your pair today and wear a piece of africa wherever you go!",9.99,USD,3,"Maasai_Earrings,birthday,gift_for_her,ladies,queen,Woman,White",,https://i.etsystatic.com/17434867/r/il/3a1927/1524636805/il_fullxfull.1524636805_d95v.jpg,https://i.etsystatic.com/17434867/r/il/ef89c7/1477157228/il_fullxfull.1477157228_1bt7.jpg,https://i.etsystatic.com/17434867/r/il/4931b1/1477162398/il_fullxfull.1477162398_t69d.jpg,https://i.etsystatic.com/17434867/r/il/07f4e0/1525419103/il_fullxfull.1525419103_s7k9.jpg,https://i.etsystatic.com/17434867/r/il/a819cd/1525419127/il_fullxfull.1525419127_ikcg.jpg,,,,,,Color,Primary color,White,,,,106
Blue African Wrap Kikoi | African kikoy | Swahili Wrap | Beach Wrap | Beach Wrap,"Blue African Wrap Kikoi | African kikoy | Swahili Wrap | Beach Wrap | Beach Wrap


Authentic African Kikoi / Wrap worn by east African Coastal communities. 


Ideal for use as a beach towel or as a wrap for a windy night out at the beach or at a campsite. Can also be used at a picnic or tablecloth outdoors or covering your sofa/seat to give your house a relaxed feel.


It measures 64 by 39 Inches and comes in different colors and is made of pure African Cotton.


Go on and order one for you and yours!",44.95,USD,17,"Kikoi,sarong,beach_towel,birthday,gift_for_her,Swahili,African_Woman,green,cotton,beach_wrap,valentines,shuka,love",,https://i.etsystatic.com/17434867/r/il/997eda/2427359507/il_fullxfull.2427359507_c5gj.jpg,https://i.etsystatic.com/17434867/r/il/2ec27f/2379752356/il_fullxfull.2379752356_cg4k.jpg,https://i.etsystatic.com/17434867/r/il/e802c1/2379752604/il_fullxfull.2379752604_j0pv.jpg,https://i.etsystatic.com/17434867/r/il/598924/2427359789/il_fullxfull.2427359789_c3jl.jpg,,,,,,,,,,,,,
Beige Pure Cotton  African Wrap Kikoi | African kikoy | Swahili Wrap | Beach Wrap,"Beige Pure Cotton  African Wrap Kikoi | African kikoy | Swahili Wrap | Beach Wrap | Tv Blanket | Couch Cover


Authentic African Kikoi / Wrap worn by east African Coastal communities. 



Ideal for use as a beach towel or as a wrap for a windy night out at the beach or at a campsite. Can also be used at a picnic or tablecloth outdoors or covering your sofa/seat to give your house a relaxed feel.


It measures 64 by 39 Inches and comes in different colors and is made of pure African Cotton.


Go on and order one for you and yours!",44.95,USD,9,"Kikoi,sarong,beach_towel,birthday,gift_for_her,Swahili,African_Woman,green,cotton,beach_wrap,valentines,shuka,love",,https://i.etsystatic.com/17434867/r/il/82d956/2408284591/il_fullxfull.2408284591_migj.jpg,https://i.etsystatic.com/17434867/r/il/058870/2360682574/il_fullxfull.2360682574_c0gt.jpg,https://i.etsystatic.com/17434867/r/il/520073/2408284897/il_fullxfull.2408284897_gthm.jpg,,,,,,,,,,,,,,
Salad Servers | Wooden Spoons | African Spoon | Tribal scooper | Zebra Design | Olive wood.,"Salad Servers | Wooden Spoons | African Spoon | Tribal scooper | Zebra Design | Olive wood.


Wooden African Servers on sale with an attractive Tribal design that is permanent and 12 Inches in length.


Add an African touch to your dinner time!!


Go ahead and get yourself this amazing set!",34.5,USD,98,"Salad_Servers,Wooden_Spoons,African_Spoon,Tribal_scooper,Zebra_Design,Olive_wood,food_server,serving_spoon,natural_artefact",,https://i.etsystatic.com/17434867/r/il/0a6817/1527235297/il_fullxfull.1527235297_ioid.jpg,https://i.etsystatic.com/17434867/r/il/713c15/1527235461/il_fullxfull.1527235461_i7be.jpg,,,,,,,,,,,,,,,57
Dashiki jacket | Ankara Jacket | Africa Inspired Patterns | Ladies zipper | For Her | White,"Dashiki jacket | Ankara Jacket | Africa Inspired Patterns | Ladies zipper | For Her | White


African inspire Dashiki /Ankara Jacket that's stylish and Beautiful to wear.


Can complement your casual outfit very well.


Available in various sizes, just order your size.


Go on and get yourself this Awesome piece.",74.95,USD,9,,,https://i.etsystatic.com/17434867/r/il/b795f5/1532112689/il_fullxfull.1532112689_b25p.jpg,https://i.etsystatic.com/17434867/r/il/b49bf8/1484625926/il_fullxfull.1484625926_snf6.jpg,https://i.etsystatic.com/17434867/r/il/9fef81/1532115697/il_fullxfull.1532115697_fca4.jpg,https://i.etsystatic.com/17434867/r/il/d8b667/1532115723/il_fullxfull.1532115723_folm.jpg,,,,,,,,,,,,,
Red Blue African Wrap Kikoi | African kikoy | Swahili Wrap | Beach Wrap |Stripped,"Red Blue African Wrap Kikoi | African kikoy | Swahili Wrap | Beach Wrap |Stripped


Authentic African Kikoi / Wrap worn by east African Coastal communities. 


Ideal for use as a beach towel or as a wrap for a windy night out at the beach or at a campsite. Can also be used at a picnic or tablecloth outdoors or covering your sofa/seat to give your house a relaxed feel.


It measures 64 by 39 Inches and comes in different colors and is made of pure African Cotton.

Go on and order one for you and yours!
Pls follow the link for more awesome Kikoys/Scarves!! https://www.etsy.com/shop/TribalMaasaiShop?section_id=23989147",44.95,USD,17,"Kikoi,sarong,beach_towel,summer,birthday,gift_for_her,ladies,queen,Swahili,Woman,African_Woman,pink,cotton",,https://i.etsystatic.com/17434867/r/il/35b3b2/2427090233/il_fullxfull.2427090233_bgiy.jpg,https://i.etsystatic.com/17434867/r/il/8ca835/2427090585/il_fullxfull.2427090585_py1k.jpg,https://i.etsystatic.com/17434867/r/il/de425f/2427093645/il_fullxfull.2427093645_1v8p.jpg,https://i.etsystatic.com/17434867/r/il/83d9f2/2427094717/il_fullxfull.2427094717_faj3.jpg,,,,,,,,,,,,,69
On SALE Beaded  Maasai Keyholders | African Key holders | Multi colored | Two (2) Keyholders,"On SALE Beaded  Maasai Keyholders | African Key holders | Multi colored


Authentic African beaded key holders made diligently. Strong, unique and durable.


Carry a piece of Africa everywhere you go!",24.99,USD,3,,,https://i.etsystatic.com/17434867/r/il/da4b09/1533960863/il_fullxfull.1533960863_t9en.jpg,https://i.etsystatic.com/17434867/r/il/10c305/1486477738/il_fullxfull.1486477738_4l39.jpg,https://i.etsystatic.com/17434867/r/il/451c79/1533961083/il_fullxfull.1533961083_hjjd.jpg,https://i.etsystatic.com/17434867/r/il/85dbea/1533961159/il_fullxfull.1533961159_qqzp.jpg,,,,,,,,,,,,,97
On SALE African Maasai Earrings | Beaded Earrings | White Earrings,"On SALE African Maasai Earrings | Beaded Earrings | White Earrings


Authentic African Beaded earrings made dilligently with genuine traditional beads.


Very light and can complement either formal or casual outfits!


Go on, get a pair and look awesome!

Follow the Link below for more beautiful pieces!
https://www.etsy.com/shop/TribalMaasaiShop?section_id=23684465",6.99,USD,99,"Maasai_Earrings,birthday,gift_for_her,ladies,queen,Woman,White",,https://i.etsystatic.com/17434867/r/il/4afdb9/2364772899/il_fullxfull.2364772899_hcrg.jpg,https://i.etsystatic.com/17434867/r/il/939ca8/2317184938/il_fullxfull.2317184938_88u5.jpg,,,,,,,,,Color,Primary color,Red,,,,lillz004
On SALE African Blue Zulu Multicolored Waterfall Necklace| Zulu Necklace | Stylish | Gift Her | Masai Mara,"On SALE African Blue Zulu Multicolored Waterfall Necklace| Zulu Necklace | Stylish | Gift Her | Masai Mara


Zulu necklace. It is made and worn by Zulu Women as an accessory during special events.


One size fits all.


Can complement your casual outfit beautifully.


Go on and get this awesome Piece!


Please follow the link for more African inspired Necklaces
https://www.etsy.com/shop/TribalMaasaiShop?ref=seller-platform-mcnavÂ§ion_id=23761534",59.95,USD,2,"wedding,bridal_shower,birthday,gift_for_her,sexy,valentines,masai_necklace,bead_necklace,african_necklace,love_gift,boho_necklace,ocean_blue,blue",,https://i.etsystatic.com/17434867/r/il/961f6c/1595711248/il_fullxfull.1595711248_3pws.jpg,https://i.etsystatic.com/17434867/r/il/c955c8/1643147279/il_fullxfull.1643147279_6ai4.jpg,https://i.etsystatic.com/17434867/r/il/cca0c5/1643147821/il_fullxfull.1643147821_ozm9.jpg,https://i.etsystatic.com/17434867/r/il/e22469/1595710926/il_fullxfull.1595710926_7qge.jpg,https://i.etsystatic.com/17434867/r/il/bbf41a/1595712670/il_fullxfull.1595712670_knvg.jpg,,,,,,,,,,,,60
ON SALE Beautiful Red African Maasai | Masai Ladies Earrings | Beaded Earrings | Handmade African Earrings | Kenyan Culture,"These beautiful beaded Earrings will make you look lovely like the traditional Maasai women who wear them every day in the Plains of East Africa.

The Earrings are made by carefully weaving a thin wire into the colorful beads that are authentic and durable. The traditional Earrings have become very popular and are worn both with casual and formal wear. The dimensions are 3*1.5*1

Go on and order your pair today and wear a piece of africa wherever you go!

Follow the Link below for more beautiful pieces!
https://www.etsy.com/shop/TribalMaasaiShop?section_id=23684465",9.99,USD,6,"Maasai_Earrings,birthday,gift_for_her,ladies,queen,Woman,White",,https://i.etsystatic.com/17434867/r/il/2e8323/1515340781/il_fullxfull.1515340781_s3li.jpg,https://i.etsystatic.com/17434867/r/il/32f630/1468086630/il_fullxfull.1468086630_r2zj.jpg,https://i.etsystatic.com/17434867/r/il/f3c183/1477212370/il_fullxfull.1477212370_hnyf.jpg,https://i.etsystatic.com/17434867/r/il/41ff92/1477941038/il_fullxfull.1477941038_2rqp.jpg,https://i.etsystatic.com/17434867/r/il/521cf1/1477941048/il_fullxfull.1477941048_2aho.jpg,,,,,,,,,,,,139
Black Red African Wrap Kikoi | African kikoy | Swahili Wrap | Beach Wrap |Stripped,"Black Red African Wrap Kikoi | African kikoy | Swahili Wrap | Beach Wrap |Stripped


Authentic African Kikoi / Wrap worn by east African Coastal communities. 


Ideal for use as a beach towel or as a wrap for a windy night out at the beach or at a campsite. Can also be used at a picnic or tablecloth outdoors or covering your sofa/seat to give your house a relaxed feel.


It measures 64 by 39 Inches and comes in different colors and is made of pure African Cotton.

Go on and order one for you and yours!
Pls follow the link for more awesome Kikoys/Scarves!! https://www.etsy.com/shop/TribalMaasaiShop?section_id=23989147",44.95,USD,15,"Kikoi,sarong,beach_towel,birthday,gift_for_her,Swahili,cotton,beach_wrap,valentines,shuka,love,black,red",cotton,https://i.etsystatic.com/17434867/r/il/01b4c6/2379818262/il_fullxfull.2379818262_cqgb.jpg,https://i.etsystatic.com/17434867/r/il/e5d89e/2427426055/il_fullxfull.2427426055_3b3q.jpg,https://i.etsystatic.com/17434867/r/il/c723a1/2427426565/il_fullxfull.2427426565_k8gs.jpg,https://i.etsystatic.com/17434867/r/il/4e5fee/2427426807/il_fullxfull.2427426807_gcz6.jpg,https://i.etsystatic.com/17434867/r/il/92f5ec/2427426629/il_fullxfull.2427426629_19js.jpg,https://i.etsystatic.com/17434867/r/il/af1d26/2379819302/il_fullxfull.2379819302_ttrv.jpg,,,,,,,,,,,10
Kenyan Flag cloth Threaded bracelet | patriot bracelet | Kenya Daima Bracelet | Nowhere like home | Two (2) Bracelets,"Kenyan Flag cloth Threaded bracelet | patriot bracelet | Kenya Daima Bracelet | Nowhere like home


Awesome and beautifully done unisex bracelets for Kenyans and Kenyans at heart. Show you're a patriot with one of these pieces.


Choice of four colors.


Go on and get yourself one !",29.95,USD,84,"patriot_bracelet,Kenya_Daima_Bracelet,Nowhere_like_home,hakuna_matata,peace,love,unity,Nchi_yangu,Mkenya_daima",,https://i.etsystatic.com/17434867/r/il/985353/1526658199/il_fullxfull.1526658199_4gcn.jpg,https://i.etsystatic.com/17434867/r/il/7fc6b1/1526658291/il_fullxfull.1526658291_faip.jpg,https://i.etsystatic.com/17434867/r/il/8e811d/1526658405/il_fullxfull.1526658405_9iun.jpg,,,,,,,,,,,,,,56
On SALE African Orange Multicolored Necklace| Maasai Choker | Stylish | Gift Her | Masai Mara,"On SALE African Orange Multicolored Necklace| Maasai Choker | Stylish | Gift Her | Masai Mara

Maasai necklace. It is made and worn by Kenyan Maasai Women as a casual accessory.

One size fits all.


Can complement your casual outfit beautifully.


Go on and get this awesome Piece!

Please follow the link for more African inspired Necklaces
https://www.etsy.com/shop/TribalMaasaiShop?ref=seller-platform-mcnavÂ§ion_id=23761534",24.95,USD,4,"wedding,bridal_shower,birthday,gift_for_her,sexy,valentines,masai_necklace,bead_necklace,african_necklace,love_gift,boho_necklace,masai_neckalace,orange",,https://i.etsystatic.com/17434867/r/il/fc34fe/1603330469/il_fullxfull.1603330469_qc5b.jpg,https://i.etsystatic.com/17434867/r/il/f0b2ef/1555872742/il_fullxfull.1555872742_2znl.jpg,https://i.etsystatic.com/17434867/r/il/483e53/1555872762/il_fullxfull.1555872762_afu3.jpg,https://i.etsystatic.com/17434867/r/il/04b22b/1603330515/il_fullxfull.1603330515_9emp.jpg,https://i.etsystatic.com/17434867/r/il/c72980/1555872816/il_fullxfull.1555872816_taa3.jpg,https://i.etsystatic.com/17434867/r/il/16e6f7/1555872898/il_fullxfull.1555872898_m8ob.jpg,https://i.etsystatic.com/17434867/r/il/3ebab9/1603330721/il_fullxfull.1603330721_4epz.jpg,https://i.etsystatic.com/17434867/r/il/898d5c/1603330781/il_fullxfull.1603330781_37v2.jpg,,,,,,,,,
Beautiful Blue African Maasai Earrings | Masai Women Earrings | Beaded Earrings | Handmade Earrrings | Kenya,"These beautiful beaded Earrings will make you look lovely like the traditional Maasai women who wear them every day in the Plains of East Africa.

The Earrings are made by carefully weaving a thin wire into the colorful beads that are authentic and durable. The traditional Earrings have become very popular and are worn both with casual and formal wear. The dimensions are 3*1.5*1

Go on and order your pair today and wear a piece of africa wherever you go!",26.95,USD,8,"Maasai_Earrings,birthday,gift_for_her,ladies,queen,Woman,Blue",,https://i.etsystatic.com/17434867/r/il/a3f057/1468006896/il_fullxfull.1468006896_1grn.jpg,https://i.etsystatic.com/17434867/r/il/97a49f/1515261525/il_fullxfull.1515261525_6wf3.jpg,https://i.etsystatic.com/17434867/r/il/2a870f/1477206916/il_fullxfull.1477206916_63tm.jpg,https://i.etsystatic.com/17434867/r/il/d2bfad/1477940698/il_fullxfull.1477940698_b1ul.jpg,https://i.etsystatic.com/17434867/r/il/b0bc61/1477940716/il_fullxfull.1477940716_9j2w.jpg,,,,,,,,,,,,93
ON SALE Blue Maasai Earrings | Tribal Earrings | Masai Earrings | Maasai Mara Earrings | Maasai beads,"Blue Maasai Earrings | Tribal Earrings | Masai Earrings | Maasai Mara Earrings | Maasai beads


Authentic African beaded Earrings from Kenyan Maasai.


Can be worn with casually for that summer outing at the beach or while on a picnic.


Get yourself a pair of these beautiful pieces!

Follow the Link below for more beautiful pieces!
https://www.etsy.com/shop/TribalMaasaiShop?section_id=23684465",9.99,USD,8,,,https://i.etsystatic.com/17434867/r/il/d83355/1527214433/il_fullxfull.1527214433_12pk.jpg,https://i.etsystatic.com/17434867/r/il/1c1f2e/1527214627/il_fullxfull.1527214627_nins.jpg,,,,,,,,,,,,,,,
On SALE Yellow Ocean Shell Pendant Beaded necklace | Maasai Necklace | Stylish | Gift for Her | Masai Mara,"On SALE Yellow Ocean Shell Pendant Beaded necklace | Maasai Necklace | Stylish | Gift for Her | Masai Mara


This beautiful Yellow Ocean Shell Pendant  Maasai necklace is made and worn by Kenyan Maasai Women on Special Occasions by young ladies.


One size fits all.


Can complement your formal or casual outfit beautifully. 


They come in various colors so choose as many colors as you like & take advantage of the wholesale prices with FREE SHIPPING ðŸ˜‰!!


Expedited Shipping to the U.S takes 3 - 5 days!


Shipping is Charged on the first Item only. Additional Items in your Cart Ship for FREE!!


FREE SHIPPING on All orders above $29.99.

Go on and get this awesome Piece!

Please follow the link for more African inspired Necklaces
https://www.etsy.com/shop/TribalMaasaiShop?ref=seller-platform-mcnavÂ§ion_id=23761534",19.99,USD,4,"wedding,bridal_shower,birthday,gift_for_her,sexy,graduation,bohemian,stylish,African,mother's_day,yellow,red,gold",,https://i.etsystatic.com/17434867/r/il/c65b9d/2596271421/il_fullxfull.2596271421_qh7u.jpg,https://i.etsystatic.com/17434867/r/il/8a7cdd/2548629244/il_fullxfull.2548629244_26l1.jpg,https://i.etsystatic.com/17434867/r/il/f8d60c/2548629612/il_fullxfull.2548629612_nje7.jpg,https://i.etsystatic.com/17434867/r/il/576eaa/2548629846/il_fullxfull.2548629846_ahcu.jpg,https://i.etsystatic.com/17434867/r/il/976470/2596272495/il_fullxfull.2596272495_o5kf.jpg,,,,,,,,,,,,
On SALE African Maasai Earrings | Beaded Earrings | Green Earrings | Maasai colors,"On SALE African Maasai Earrings | Beaded Earrings | Green Earrings


Authentic African Beaded earrings made dilligently with genuine traditional beads.


Very light and can complement either formal or casual outfits!


Go on, get a pair and look awesome!

Follow the Link below for more beautiful pieces!
https://www.etsy.com/shop/TribalMaasaiShop?section_id=23684465",13.99,USD,6,"Maasai_Earrings,birthday,gift_for_her,ladies,queen,Woman,White,African_Woman,Yellow",,https://i.etsystatic.com/17434867/r/il/dd8dc7/2372269697/il_fullxfull.2372269697_h2of.jpg,https://i.etsystatic.com/17434867/r/il/478075/2372269809/il_fullxfull.2372269809_bvu3.jpg,,,,,,,,,,,,,,,lils005
Maasai Shuka | Warrior Shuka | Campfire Side African Shawl | Warrior Shawl | Camping Shawl | Masai mara Blanket,"Authentic Traditional African Shawl or Shuka Ideal for those cold nights by the campfire or in the house watching telly.

Very colorful and warm.


The shuka is 200cm long and 150cm wide. Made of 100% pure Acrylic.


Its a unisex shawl and can be bought anyone going camping.


Go on and get yourself or a loved one!",49.95,USD,97,"Red,Blue,Maasai_Shuka,Warrior_Shuka,Warrior_Shawl,Couch_cover,movie_night,Fireside_warmth,campfire_blanket,Maasai_Shawl,Camping,Scouts,night_out",,https://i.etsystatic.com/17434867/r/il/8b8d3d/1526446241/il_fullxfull.1526446241_1vw3.jpg,https://i.etsystatic.com/17434867/r/il/36d9ae/1526446369/il_fullxfull.1526446369_ay1i.jpg,https://i.etsystatic.com/17434867/r/il/351983/1526446429/il_fullxfull.1526446429_bdvf.jpg,https://i.etsystatic.com/17434867/r/il/a06904/1526454153/il_fullxfull.1526454153_1uuu.jpg,https://i.etsystatic.com/17434867/r/il/47053f/1526454247/il_fullxfull.1526454247_hn61.jpg,,,,,,,,,,,,92
20 Pieces Beaded African Maasai | Women Earrings | Maasai mara | Dangle,"20 Pieces Beaded African Maasai | Women Earrings | Maasai mara | Dangle

These beautiful beaded Earrings will make you look lovely like the traditional Maasai women who wear them every day in the Plains of East Africa.

Go on and order your pair today and wear a piece of africa wherever you go!

Follow the Link below for more beautiful pieces!
https://www.etsy.com/shop/TribalMaasaiShop?section_id=23684465",59.99,USD,99,"maasai,african,zulu,bead,Kenya,red,summer,beach,casual,yellow,blue,pendant,dangle",bead,https://i.etsystatic.com/17434867/r/il/b24d42/2527336901/il_fullxfull.2527336901_6mkr.jpg,https://i.etsystatic.com/17434867/r/il/fbdf99/2479661334/il_fullxfull.2479661334_5ci8.jpg,https://i.etsystatic.com/17434867/r/il/8f40e7/2527337075/il_fullxfull.2527337075_hhon.jpg,,,,,,,,,,,,,,96
Maasai bangles I beaded Bracelets I Handmade African I Kenyan (Set of Five),"Beautiful Set of Five African handmade bangles. They can go along with any mood such as formal, casual evening or a sunny day at the beach.

They come in two sizes, adults and for Kids. Choose any colors!!!",29.5,USD,82,"Maasai_Necklace,birthday,gift_for_her,ladies,queen,Woman,White,African_Woman,bangle",,https://i.etsystatic.com/17434867/r/il/6c2120/1524650909/il_fullxfull.1524650909_d0v3.jpg,https://i.etsystatic.com/17434867/r/il/b3b77a/1477171492/il_fullxfull.1477171492_cp4f.jpg,https://i.etsystatic.com/17434867/r/il/613313/1524651743/il_fullxfull.1524651743_emk7.jpg,,,,,,,,,,,,,,108
On SALE Handmade Brass Earrings | Polished Brass  | African Earrings | For Her,"On SALE Handmade Brass Earrings | Polished Brass  | African Earrings | For Her


Authentic African Handmade earrings made with expert craftsmanship. Light to wear and will complement both Formal and casual outfits.

Go on and Get yourself or a loved one this beautiful creations!",24.95,USD,1,"brass_Earrings,birthday,gift_for_her,ladies,queen,Woman,White",,https://i.etsystatic.com/17434867/r/il/82ae3a/1534279299/il_fullxfull.1534279299_88rt.jpg,https://i.etsystatic.com/17434867/r/il/daa27e/1534279339/il_fullxfull.1534279339_9ksr.jpg,https://i.etsystatic.com/17434867/r/il/7f6e74/1534279395/il_fullxfull.1534279395_an9s.jpg,https://i.etsystatic.com/17434867/r/il/2477d3/1534279437/il_fullxfull.1534279437_pv1r.jpg,,,,,,,,,,,,,20
On SALE Handmade Brass Earrings | Polished Brass  | African Earrings | For Her,"On SALE Handmade Brass Earrings | Polished Brass  | African Earrings | For Her


Authentic African Handmade earrings made with expert craftsmanship. Light to wear and will complement both Formal and casual outfits.

Go on and Get yourself or a loved one this beautiful creations!",24.95,USD,1,"brass_Earrings,birthday,gift_for_her,ladies,queen,Woman,White",,https://i.etsystatic.com/17434867/r/il/ea18e2/1486790520/il_fullxfull.1486790520_gg7w.jpg,https://i.etsystatic.com/17434867/r/il/c4f0c2/1534274887/il_fullxfull.1534274887_7i5q.jpg,https://i.etsystatic.com/17434867/r/il/476110/1486790618/il_fullxfull.1486790618_j1md.jpg,https://i.etsystatic.com/17434867/r/il/ad6a58/1534274999/il_fullxfull.1534274999_43q8.jpg,,,,,,,,,,,,,21
On SALE Handmade Brass Earrings | Polished Brass  | African Earrings | For Her,"On SALE Handmade Brass Earrings | Polished Brass  | African Earrings | For Her


Authentic African Handmade earrings made with expert craftsmanship. Light to wear and will complement both Formal and casual outfits.

Go on and Get yourself or a loved one this beautiful creations!",24.95,USD,1,,,https://i.etsystatic.com/17434867/r/il/a60f73/1486763944/il_fullxfull.1486763944_se77.jpg,https://i.etsystatic.com/17434867/r/il/e6a713/1486764024/il_fullxfull.1486764024_5h73.jpg,https://i.etsystatic.com/17434867/r/il/d248a4/1534248275/il_fullxfull.1534248275_34zk.jpg,https://i.etsystatic.com/17434867/r/il/ed44d6/1486764120/il_fullxfull.1486764120_a8jb.jpg,,,,,,,,,,,,,29
On SALE Handmade Brass Earrings | Polished Brass  | African Earrings | For Her,"On SALE Handmade Brass Earrings | Polished Brass  | African Earrings | For Her


Authentic African Handmade earrings made with expert craftsmanship. Light to wear and will complement both Formal and casual outfits.

Go on and Get yourself or a loved one this beautiful creations!",24.95,USD,1,"brass_Earrings,birthday,gift_for_her,ladies,queen,Woman,White",,https://i.etsystatic.com/17434867/r/il/05b704/1534239989/il_fullxfull.1534239989_qkyl.jpg,https://i.etsystatic.com/17434867/r/il/f74ab0/1534240049/il_fullxfull.1534240049_8fbb.jpg,https://i.etsystatic.com/17434867/r/il/dff620/1534240093/il_fullxfull.1534240093_qnny.jpg,https://i.etsystatic.com/17434867/r/il/177db8/1486755964/il_fullxfull.1486755964_8u7w.jpg,,,,,,,,,,,,,33
Dashiki Snoodie | Ankara Snoodie Jumper | Africa Inspired Patterns | Unisex | Black,"Dashiki Snoodie | Ankara Snoodie Jumper | Africa Inspired Patterns | Unisex | Black


African inspire Dashiki /Ankara Snoodie that's stylish and Unique to wear.


Can complement your casual outfit/Jeans very well.


Available in various sizes, just order your size.


Go on and get yourself this Awesome piece.",69.95,USD,10,,,https://i.etsystatic.com/17434867/r/il/ad0808/1532319595/il_fullxfull.1532319595_iqvv.jpg,https://i.etsystatic.com/17434867/r/il/0d5f89/1532319881/il_fullxfull.1532319881_iga5.jpg,https://i.etsystatic.com/17434867/r/il/659770/1484833204/il_fullxfull.1484833204_c0be.jpg,https://i.etsystatic.com/17434867/r/il/152fa5/1532320075/il_fullxfull.1532320075_4t78.jpg,,,,,,,,,,,,,43
Dashiki Snoodie | Ankara Snoodie Jumper | Africa Inspired Patterns | Unisex | Blue,"Dashiki Snoodie | Ankara Snoodie Jumper | Africa Inspired Patterns | Unisex | Blue


African inspire Dashiki /Ankara Snoodie that's stylish and Unique to wear.


Can complement your casual outfit very well.


Available in various sizes, just order your size.


Go on and get yourself this Awesome piece.",69.95,USD,10,"Birthday,him,her,gift,African_dashiki,africa_colors,Tribal_design,unisex",,https://i.etsystatic.com/17434867/r/il/6cc95f/1532315163/il_fullxfull.1532315163_qzji.jpg,https://i.etsystatic.com/17434867/r/il/238c5c/1532315393/il_fullxfull.1532315393_qo26.jpg,https://i.etsystatic.com/17434867/r/il/917886/1532315475/il_fullxfull.1532315475_qjxl.jpg,https://i.etsystatic.com/17434867/r/il/d737c1/1532315529/il_fullxfull.1532315529_ptoh.jpg,,,,,,,,,,,,,44
Dashiki Snoodie | Ankara Snoodie Jumper | Africa Inspired Patterns | Unisex | Greean Kenyan Snoodie,"Dashiki Snoodie | Ankara Snoodie Jumper | Africa Inspired Patterns | Unisex | Greean Kenyan Snoodie


African inspire Dashiki /Ankara Snoodie that's stylish and Unique to wear.


Can complement your casual outfit/jeans very well.


Available in various sizes, just order your size.


Go on and get yourself this Awesome piece.",69.95,USD,10,"Birthday,him,her,gift,African_dashiki,africa_colors,Tribal_design,unisex_",,https://i.etsystatic.com/17434867/r/il/37bd43/1484825296/il_fullxfull.1484825296_2s49.jpg,https://i.etsystatic.com/17434867/r/il/83f503/1484825422/il_fullxfull.1484825422_p1ik.jpg,https://i.etsystatic.com/17434867/r/il/ccdec6/1484825460/il_fullxfull.1484825460_92x4.jpg,https://i.etsystatic.com/17434867/r/il/179647/1484825552/il_fullxfull.1484825552_g9ci.jpg,,,,,,,,,,,,,45
Blue African Design | Dashiki hoodie | Ankara hoodie Jumper | Africa Inspired Patterns | Unisex | Blue,"Blue African Design | Dashiki hoodie | Ankara hoodie Jumper | Africa Inspired Patterns | Unisex | Blue


African inspire Dashiki /Ankara hoodie that's stylish and Unique to wear.


Can complement your casual outfit very well.


Available in various sizes, just order your size.


Go on and get yourself this Awesome piece.",69.95,USD,10,"Birthday,him,her,gift,African_dashiki,africa_colors,Tribal_design,unisex_",,https://i.etsystatic.com/17434867/r/il/97dc09/1484818546/il_fullxfull.1484818546_kywt.jpg,https://i.etsystatic.com/17434867/r/il/df3b42/1484818930/il_fullxfull.1484818930_kqdt.jpg,https://i.etsystatic.com/17434867/r/il/e93d96/1484819014/il_fullxfull.1484819014_dl4u.jpg,https://i.etsystatic.com/17434867/r/il/8ec27e/1532305939/il_fullxfull.1532305939_n89x.jpg,,,,,,,,,,,,,47
Pink African Wrap Kikoi | African kikoy | Swahili Wrap | Beach Wrap,"Authentic African Kikoi / Wrap worn by east African Coastal communities. 


Ideal for use as a beach towel or as a wrap for a windy night out at the beach or at a campsite. Can also be used at a picnic or tablecloth outdoors or covering your sofa/seat to give your house a relaxed feel.


It measures 64 by 39 Inches and comes in different colors.

Go on and order one for you and yours!",44.95,USD,16,"Kikoi,sarong,beach_towel,summer,birthday,gift_for_her,ladies,queen,Swahili,Woman,African_Woman,Pink,Cotton",,https://i.etsystatic.com/17434867/r/il/f46d91/1478862178/il_fullxfull.1478862178_liu6.jpg,https://i.etsystatic.com/17434867/r/il/2e6a7f/1478862280/il_fullxfull.1478862280_adi9.jpg,https://i.etsystatic.com/17434867/r/il/6b5729/1526340369/il_fullxfull.1526340369_c2sj.jpg,https://i.etsystatic.com/17434867/r/il/95bd54/2427395551/il_fullxfull.2427395551_obap.jpg,https://i.etsystatic.com/17434867/r/il/ebf106/2427395631/il_fullxfull.2427395631_oe4u.jpg,,,,,,,,,,,,48
White African | Dashiki snoodie | Ankara snoodie Jumper | Africa Inspired Patterns | Unisex |,"White African | Dashiki snoodie | Ankara snoodie Jumper | Africa Inspired Patterns | Unisex | 


African inspire Dashiki /Ankara Snoodie that's stylish and Unique to wear.


Can complement your casual outfit very well.


Available in various sizes, just order your size.


Go on and get yourself this Awesome piece.",69.95,USD,10,"Birthday,him,her,gift,African_dashiki,africa_colors,Tribal_design,unisex_",,https://i.etsystatic.com/17434867/r/il/9cd60b/1484639194/il_fullxfull.1484639194_9ilk.jpg,https://i.etsystatic.com/17434867/r/il/de7ec5/1532126151/il_fullxfull.1532126151_w8k4.jpg,https://i.etsystatic.com/17434867/r/il/0f58b9/1532126185/il_fullxfull.1532126185_3h0b.jpg,https://i.etsystatic.com/17434867/r/il/2d7bdb/1532126211/il_fullxfull.1532126211_dtgs.jpg,,,,,,,,,,,,,49
On SALE African Red Green Yellow Pendant Scarf Drop Beaded Multicolored Necklace | Maasai Necklace | Stylish | Gift for Her | Masai Mara,"On SALE African Pendant Scarf Drop Beaded Multicolored Necklace | Maasai Necklace | Stylish | Gift for Her | Masai Mara

Maasai pendant necklace with intricate colors and patterns. It is made and worn by Kenyan Maasai Women on Special Occasions.

One size fits all.


Will complement your formal or casual outfit beautifully. 



Expedited Shipping to the U.S takes !!



FREE SHIPPING !!!

Go on and get this awesome Piece!

Please follow the link for more African inspired Necklaces
https://www.etsy.com/shop/TribalMaasaiShop?ref=seller-platform-mcnavÂ§ion_id=23761534",34.99,USD,5,"bridal_shower,gift_for_her,gifts_for_her,personalized_gift,gifts,jewelry,african_jewelry,her_christmas_gifts,maasai_jewelry,pendant_Necklace,Bead_necklace,scarf_necklace,Red_Green_necklace",beads,https://i.etsystatic.com/17434867/r/il/aebe51/3568732945/il_fullxfull.3568732945_cadd.jpg,https://i.etsystatic.com/17434867/r/il/3f9741/3521097524/il_fullxfull.3521097524_hxbe.jpg,https://i.etsystatic.com/17434867/r/il/aa6094/3521097626/il_fullxfull.3521097626_emql.jpg,https://i.etsystatic.com/17434867/r/il/b8b5c3/3521097794/il_fullxfull.3521097794_qiba.jpg,https://i.etsystatic.com/17434867/r/il/90b579/3521097870/il_fullxfull.3521097870_j8ue.jpg,https://i.etsystatic.com/17434867/r/il/e81f28/3521098060/il_fullxfull.3521098060_agqw.jpg,https://i.etsystatic.com/17434867/r/il/2a26ae/3568733807/il_fullxfull.3568733807_gqb2.jpg,https://i.etsystatic.com/17434867/r/il/bf226f/3568733907/il_fullxfull.3568733907_k466.jpg,,,,,,,,,nlce 115
On SALE African White Red Pendant Scarf Drop Beaded Multicolored Necklace | Maasai Necklace | Stylish | Gift for Her | Masai Mara,"On SALE African Pendant Scarf Drop Beaded Multicolored Necklace | Maasai Necklace | Stylish | Gift for Her | Masai Mara

Maasai pendant necklace with intricate colors and patterns. It is made and worn by Kenyan Maasai Women on Special Occasions.

One size fits all.


Will complement your formal or casual outfit beautifully. 



Expedited Shipping to the U.S takes !!



FREE SHIPPING !!!

Go on and get this awesome Piece!

Please follow the link for more African inspired Necklaces
https://www.etsy.com/shop/TribalMaasaiShop?ref=seller-platform-mcnavÂ§ion_id=23761534",34.99,USD,5,"bridal_shower,gift_for_her,gifts_for_her,personalized_gift,gifts,jewelry,african_jewelry,her_christmas_gifts,maasai_jewelry,pendant_Necklace,Bead_necklace,scarf_necklace,White_red_necklace",beads,https://i.etsystatic.com/17434867/r/il/bbcb6c/3521017766/il_fullxfull.3521017766_ruvr.jpg,https://i.etsystatic.com/17434867/r/il/7beafd/3521017864/il_fullxfull.3521017864_25fo.jpg,https://i.etsystatic.com/17434867/r/il/0f8de1/3521017980/il_fullxfull.3521017980_c4ek.jpg,https://i.etsystatic.com/17434867/r/il/3995eb/3521018160/il_fullxfull.3521018160_j7tq.jpg,https://i.etsystatic.com/17434867/r/il/ea6780/3521018246/il_fullxfull.3521018246_k0vf.jpg,https://i.etsystatic.com/17434867/r/il/b4f7a6/3521018672/il_fullxfull.3521018672_swoj.jpg,https://i.etsystatic.com/17434867/r/il/ffd307/3521018780/il_fullxfull.3521018780_o61j.jpg,,,,,,,,,,nlce 111
On SALE African Red Yellow Pendant Scarf Drop Beaded Multicolored Necklace | Maasai Necklace | Stylish | Gift for Her | Masai Mara,"On SALE African Pendant Scarf Drop Beaded Multicolored Necklace | Maasai Necklace | Stylish | Gift for Her | Masai Mara

Maasai pendant necklace with intricate colors and patterns. It is made and worn by Kenyan Maasai Women on Special Occasions.

One size fits all.


Will complement your formal or casual outfit beautifully. 



Expedited Shipping to the U.S takes !!



FREE SHIPPING !!!

Go on and get this awesome Piece!

Please follow the link for more African inspired Necklaces
https://www.etsy.com/shop/TribalMaasaiShop?ref=seller-platform-mcnavÂ§ion_id=23761534",34.99,USD,5,"bridal_shower,gift_for_her,gifts_for_her,personalized_gift,gifts,jewelry,african_jewelry,her_christmas_gifts,maasai_jewelry,pendant_Necklace,Bead_necklace,scarf_necklace",beads,https://i.etsystatic.com/17434867/r/il/4718fd/3568648589/il_fullxfull.3568648589_k75b.jpg,https://i.etsystatic.com/17434867/r/il/34f829/3521012904/il_fullxfull.3521012904_oab9.jpg,https://i.etsystatic.com/17434867/r/il/fdb6e4/3568648835/il_fullxfull.3568648835_iqve.jpg,https://i.etsystatic.com/17434867/r/il/a6a4f9/3568649077/il_fullxfull.3568649077_dmqs.jpg,https://i.etsystatic.com/17434867/r/il/e0447a/3521013320/il_fullxfull.3521013320_8wm7.jpg,https://i.etsystatic.com/17434867/r/il/ca0186/3521013512/il_fullxfull.3521013512_oz21.jpg,https://i.etsystatic.com/17434867/r/il/749c46/3568649415/il_fullxfull.3568649415_4zky.jpg,https://i.etsystatic.com/17434867/r/il/7ab48d/3568649457/il_fullxfull.3568649457_qxi9.jpg,,,,,,,,,nlce 110
On SALE African Red Yellow Pendant Scarf Drop Beaded Multicolored Necklace | Maasai Necklace | Stylish | Gift for Her | Masai Mara,"On SALE African Pendant Orange Red Scarf Drop Beaded Multicolored Necklace | Maasai Necklace | Stylish | Gift for Her | Masai Mara

Maasai pendant necklace with intricate colors and patterns. It is made and worn by Kenyan Maasai Women on Special Occasions.

One size fits all.


Will complement your formal or casual outfit beautifully. 



Expedited Shipping to the U.S takes !!



FREE SHIPPING !!!

Go on and get this awesome Piece!

Please follow the link for more African inspired Necklaces
https://www.etsy.com/shop/TribalMaasaiShop?ref=seller-platform-mcnavÂ§ion_id=23761534",34.99,USD,5,"bridal_shower,gift_for_her,gifts_for_her,personalized_gift,gifts,jewelry,african_jewelry,her_christmas_gifts,maasai_jewelry,pendant_Necklace,Bead_necklace,scarf_necklace,Orange_Red_necklace","beads,brass",https://i.etsystatic.com/17434867/r/il/eddb1e/3521010368/il_fullxfull.3521010368_iu01.jpg,https://i.etsystatic.com/17434867/r/il/5f51c9/3521010412/il_fullxfull.3521010412_2obg.jpg,https://i.etsystatic.com/17434867/r/il/73d91d/3521010550/il_fullxfull.3521010550_ixum.jpg,https://i.etsystatic.com/17434867/r/il/4690ae/3568646469/il_fullxfull.3568646469_mqil.jpg,https://i.etsystatic.com/17434867/r/il/0cc98a/3521010700/il_fullxfull.3521010700_e2de.jpg,https://i.etsystatic.com/17434867/r/il/b591d1/3521010758/il_fullxfull.3521010758_g5qe.jpg,,,,,,,,,,,nlce 109
On SALE African beige Red Pendant Scarf Drop Beaded Multicolored Necklace | Maasai Necklace | Stylish | Gift for Her | Masai Mara,"On SALE African Pendant Orange Red Scarf Drop Beaded Multicolored Necklace | Maasai Necklace | Stylish | Gift for Her | Masai Mara

Maasai pendant necklace with intricate colors and patterns. It is made and worn by Kenyan Maasai Women on Special Occasions.

One size fits all.


Will complement your formal or casual outfit beautifully. 



Expedited Shipping to the U.S takes !!



FREE SHIPPING !!!

Go on and get this awesome Piece!

Please follow the link for more African inspired Necklaces
https://www.etsy.com/shop/TribalMaasaiShop?ref=seller-platform-mcnavÂ§ion_id=23761534",34.99,USD,5,"bridal_shower,gift_for_her,gifts_for_her,personalized_gift,gifts,jewelry,african_jewelry,her_christmas_gifts,maasai_jewelry,pendant_Necklace,Bead_necklace,scarf_necklace,Orange_Red_necklace",,https://i.etsystatic.com/17434867/r/il/6bd9d6/3521007698/il_fullxfull.3521007698_5nyn.jpg,https://i.etsystatic.com/17434867/r/il/84a560/3521007762/il_fullxfull.3521007762_nwqm.jpg,https://i.etsystatic.com/17434867/r/il/8dcaf0/3521007806/il_fullxfull.3521007806_9mlc.jpg,https://i.etsystatic.com/17434867/r/il/a31374/3521008018/il_fullxfull.3521008018_o7hu.jpg,https://i.etsystatic.com/17434867/r/il/bc1b6a/3568643887/il_fullxfull.3568643887_tsk4.jpg,https://i.etsystatic.com/17434867/r/il/fc0082/3568643957/il_fullxfull.3568643957_sq5y.jpg,,,,,,,,,,,nlce 108
On SALE African beige Red Pendant Scarf Drop Beaded Multicolored Necklace | Maasai Necklace | Stylish | Gift for Her | Masai Mara,"On SALE African Pendant beige Red Scarf Drop Beaded Multicolored Necklace | Maasai Necklace | Stylish | Gift for Her | Masai Mara

Maasai pendant necklace with intricate colors and patterns. It is made and worn by Kenyan Maasai Women on Special Occasions.

One size fits all.


Will complement your formal or casual outfit beautifully. 



Expedited Shipping to the U.S takes !!



FREE SHIPPING !!!

Go on and get this awesome Piece!

Please follow the link for more African inspired Necklaces
https://www.etsy.com/shop/TribalMaasaiShop?ref=seller-platform-mcnavÂ§ion_id=23761534",34.99,USD,5,"bridal_shower,gift_for_her,gifts_for_her,personalized_gift,gifts,jewelry,african_jewelry,her_christmas_gifts,maasai_jewelry,pendant_Necklace,Bead_necklace,scarf_necklace,Beige_necklace",,https://i.etsystatic.com/17434867/r/il/740b48/3568637627/il_fullxfull.3568637627_jfe9.jpg,https://i.etsystatic.com/17434867/r/il/5e1e15/3568637749/il_fullxfull.3568637749_r6xl.jpg,https://i.etsystatic.com/17434867/r/il/8f6e26/3521001914/il_fullxfull.3521001914_g6k7.jpg,https://i.etsystatic.com/17434867/r/il/572095/3568638205/il_fullxfull.3568638205_92o0.jpg,https://i.etsystatic.com/17434867/r/il/35a6ac/3568638643/il_fullxfull.3568638643_8epu.jpg,https://i.etsystatic.com/17434867/r/il/e42f0d/3521002694/il_fullxfull.3521002694_cnbl.jpg,https://i.etsystatic.com/17434867/r/il/380a99/3521002802/il_fullxfull.3521002802_sglc.jpg,https://i.etsystatic.com/17434867/r/il/43621a/3521002800/il_fullxfull.3521002800_7nqg.jpg,,,,,,,,,nlce 107
On SALE African Gold Bronze Pendant Scarf Drop Beaded Multicolored Necklace | Maasai Necklace | Stylish | Gift for Her | Masai Mara,"On SALE African Pendant Scarf Drop Beaded Multicolored Necklace | Maasai Necklace | Stylish | Gift for Her | Masai Mara

Maasai pendant necklace with intricate colors and patterns. It is made and worn by Kenyan Maasai Women on Special Occasions.

One size fits all.


Will complement your formal or casual outfit beautifully. 



Expedited Shipping to the U.S takes 3 - 5 days!



FREE SHIPPING !!!

Go on and get this awesome Piece!

Please follow the link for more African inspired Necklaces
https://www.etsy.com/shop/TribalMaasaiShop?ref=seller-platform-mcnavÂ§ion_id=23761534",34.99,USD,5,"bridal_shower,gift_for_her,gifts_for_her,personalized_gift,gifts,jewelry,african_jewelry,her_christmas_gifts,maasai_jewelry,pendant_Necklace,Bead_necklace,scarf_necklace",gold necklace,https://i.etsystatic.com/17434867/r/il/149dd6/3520819456/il_fullxfull.3520819456_4b55.jpg,https://i.etsystatic.com/17434867/r/il/88bf60/3568454765/il_fullxfull.3568454765_f7or.jpg,https://i.etsystatic.com/17434867/r/il/d2d2a7/3568454811/il_fullxfull.3568454811_hn41.jpg,https://i.etsystatic.com/17434867/r/il/4ae57d/3568454883/il_fullxfull.3568454883_4p4s.jpg,https://i.etsystatic.com/17434867/r/il/c581c6/3568454927/il_fullxfull.3568454927_rhjd.jpg,https://i.etsystatic.com/17434867/r/il/14b156/3568454991/il_fullxfull.3568454991_sr63.jpg,,,,,,,,,,,nlce 106
On SALE African Orange Gold Pendant Scarf Drop Beaded Multicolored Necklace | Maasai Necklace | Stylish | Gift for Her | Masai Mara,"On SALE African Orange Gold Pendant Scarf Drop Beaded Multicolored Necklace | Maasai Necklace | Stylish | Gift for Her | Masai Mara

Maasai pendant necklace with intricate colors and patterns. It is made and worn by Kenyan Maasai Women on Special Occasions.

One size fits all.


Will complement your formal or casual outfit beautifully. 



Expedited Shipping to the U.S takes 3 - 5 days!



FREE SHIPPING !!!

Go on and get this awesome Piece!

Please follow the link for more African inspired Necklaces
https://www.etsy.com/shop/TribalMaasaiShop?ref=seller-platform-mcnavÂ§ion_id=23761534",34.99,USD,5,"bridal_shower,gift_for_her,gifts_for_her,personalized_gift,gifts,jewelry,african_jewelry,her_christmas_gifts,maasai_jewelry,pendant_Necklace,Bead_necklace,scarf_necklace,Orange_Necklace",,https://i.etsystatic.com/17434867/r/il/23cd83/3520816054/il_fullxfull.3520816054_km2d.jpg,https://i.etsystatic.com/17434867/r/il/1dc602/3520816100/il_fullxfull.3520816100_4t5n.jpg,https://i.etsystatic.com/17434867/r/il/f513f2/3520816168/il_fullxfull.3520816168_9cbx.jpg,https://i.etsystatic.com/17434867/r/il/441635/3568451391/il_fullxfull.3568451391_6d19.jpg,https://i.etsystatic.com/17434867/r/il/3eb09f/3520816250/il_fullxfull.3520816250_n6cd.jpg,,,,,,,,,,,,nlce 105
On SALE African Green Gold Pendant Scarf Drop Beaded Multicolored Necklace | Maasai Necklace | Stylish | Gift for Her | Masai Mara,"On SALE African Green Gold Pendant Scarf Drop Beaded Multicolored Necklace | Maasai Necklace | Stylish | Gift for Her | Masai Mara

Maasai pendant necklace with intricate colors and patterns. It is made and worn by Kenyan Maasai Women on Special Occasions.

One size fits all.


Will complement your formal or casual outfit beautifully. 



Expedited Shipping to the U.S takes 3 - 5 days!



FREE SHIPPING !!!

Go on and get this awesome Piece!

Please follow the link for more African inspired Necklaces
https://www.etsy.com/shop/TribalMaasaiShop?ref=seller-platform-mcnavÂ§ion_id=23761534",34.99,USD,5,"bridal_shower,gift_for_her,gifts_for_her,personalized_gift,gifts,jewelry,african_jewelry,her_christmas_gifts,maasai_jewelry,pendant_Necklace,Bead_necklace,scarf_necklace,green_Necklace",,https://i.etsystatic.com/17434867/r/il/af6b46/3520797030/il_fullxfull.3520797030_lw4b.jpg,https://i.etsystatic.com/17434867/r/il/92f6ff/3520797084/il_fullxfull.3520797084_iv71.jpg,https://i.etsystatic.com/17434867/r/il/4fe148/3520797544/il_fullxfull.3520797544_2t1z.jpg,https://i.etsystatic.com/17434867/r/il/e84473/3520797554/il_fullxfull.3520797554_o1z9.jpg,https://i.etsystatic.com/17434867/r/il/c98891/3568432737/il_fullxfull.3568432737_5f2u.jpg,https://i.etsystatic.com/17434867/r/il/b9fdb3/3568432741/il_fullxfull.3568432741_qodz.jpg,,,,,,,,,,,nlce 104
On SALE African Black Gold Pendant Scarf Drop Beaded Multicolored Necklace | Maasai Necklace | Stylish | Gift for Her | Masai Mara,"On SALE African Black Gold Pendant Scarf Drop Beaded Multicolored Necklace | Maasai Necklace | Stylish | Gift for Her | Masai Mara

Maasai pendant necklace with intricate colors and patterns. It is made and worn by Kenyan Maasai Women on Special Occasions.

One size fits all.


Will complement your formal or casual outfit beautifully. 


They come in various colors so choose as many colors as you like & take advantage of the wholesale prices with FREE SHIPPING ðŸ˜‰!!


Expedited Shipping to the U.S takes 3 - 5 days!



FREE SHIPPING !!!

Go on and get this awesome Piece!

Please follow the link for more African inspired Necklaces
https://www.etsy.com/shop/TribalMaasaiShop?ref=seller-platform-mcnavÂ§ion_id=23761534",34.99,USD,5,"bridal_shower,gift_for_her,gifts_for_her,personalized_gift,gifts,jewelry,african_jewelry,her_christmas_gifts,maasai_jewelry,pendant_Necklace,Bead_necklace,scarf_necklace,Black_necklace",,https://i.etsystatic.com/17434867/r/il/9c7ece/3520794202/il_fullxfull.3520794202_8a2d.jpg,https://i.etsystatic.com/17434867/r/il/0fbbc1/3568429369/il_fullxfull.3568429369_1wh4.jpg,https://i.etsystatic.com/17434867/r/il/d69427/3568429441/il_fullxfull.3568429441_sr9f.jpg,https://i.etsystatic.com/17434867/r/il/c52484/3520794394/il_fullxfull.3520794394_68p9.jpg,https://i.etsystatic.com/17434867/r/il/a69edb/3568429529/il_fullxfull.3568429529_k1v7.jpg,https://i.etsystatic.com/17434867/r/il/3f442c/3568429585/il_fullxfull.3568429585_3fju.jpg,https://i.etsystatic.com/17434867/r/il/7a5b9f/3568429721/il_fullxfull.3568429721_isw0.jpg,,,,,,,,,,nlce 103
On SALE African Black Pendant Scarf Drop Beaded Multicolored Necklace | Maasai Necklace | Stylish | Gift for Her | Masai Mara,"On SALE African Black Pendant Scarf Drop Beaded Multicolored Necklace | Maasai Necklace | Stylish | Gift for Her | Masai Mara

Maasai pendant necklace with intricate colors and patterns. It is made and worn by Kenyan Maasai Women on Special Occasions.

One size fits all.


Will complement your formal or casual outfit beautifully. 


They come in various colors so choose as many colors as you like & take advantage of the wholesale prices with FREE SHIPPING ðŸ˜‰!!


Expedited Shipping to the U.S takes 3 - 5 days!



FREE SHIPPING !!!

Go on and get this awesome Piece!

Please follow the link for more African inspired Necklaces
https://www.etsy.com/shop/TribalMaasaiShop?ref=seller-platform-mcnavÂ§ion_id=23761534",34.99,USD,5,"bridal_shower,gift_for_her,gifts_for_her,personalized_gift,gifts,jewelry,african_jewelry,her_christmas_gifts,maasai_jewelry,pendant_Necklace,Bead_necklace,scarf_necklace,Black_necklace",,https://i.etsystatic.com/17434867/r/il/9614a1/3568427081/il_fullxfull.3568427081_nfm0.jpg,https://i.etsystatic.com/17434867/r/il/281647/3520792236/il_fullxfull.3520792236_in4s.jpg,https://i.etsystatic.com/17434867/r/il/b4dbe8/3568427417/il_fullxfull.3568427417_85yk.jpg,https://i.etsystatic.com/17434867/r/il/034777/3568427469/il_fullxfull.3568427469_pbnf.jpg,https://i.etsystatic.com/17434867/r/il/c8b41b/3520792486/il_fullxfull.3520792486_pk9e.jpg,https://i.etsystatic.com/17434867/r/il/da0124/3568427601/il_fullxfull.3568427601_q5bc.jpg,,,,,,,,,,,nlce 102
On SALE African Red Pendant Scarf Drop Beaded Multicolored Necklace | Maasai Necklace | Stylish | Gift for Her | Masai Mara,"On SALE African Yellow Pendant Scarf Drop Beaded Multicolored Necklace | Maasai Necklace | Stylish | Gift for Her | Masai Mara

Maasai pendant necklace with intricate colors and patterns. It is made and worn by Kenyan Maasai Women on Special Occasions.

One size fits all.


Will complement your formal or casual outfit beautifully. 


They come in various colors so choose as many colors as you like & take advantage of the wholesale prices with FREE SHIPPING ðŸ˜‰!!


Expedited Shipping to the U.S takes 3 - 5 days!



FREE SHIPPING !!!

Go on and get this awesome Piece!

Please follow the link for more African inspired Necklaces
https://www.etsy.com/shop/TribalMaasaiShop?ref=seller-platform-mcnavÂ§ion_id=23761534",34.99,USD,5,"bridal_shower,gift_for_her,gifts_for_her,personalized_gift,gifts,jewelry,african_jewelry,her_christmas_gifts,maasai_jewelry,pendant_Necklace,Bead_necklace,scarf_necklace",Red necklace,https://i.etsystatic.com/17434867/r/il/3a0a9d/3568424169/il_fullxfull.3568424169_stlr.jpg,https://i.etsystatic.com/17434867/r/il/73f7db/3568424235/il_fullxfull.3568424235_jld6.jpg,https://i.etsystatic.com/17434867/r/il/4f18da/3568424315/il_fullxfull.3568424315_8p5a.jpg,https://i.etsystatic.com/17434867/r/il/b5dda4/3568424389/il_fullxfull.3568424389_73tw.jpg,https://i.etsystatic.com/17434867/r/il/022114/3568424943/il_fullxfull.3568424943_qa3h.jpg,https://i.etsystatic.com/17434867/r/il/c18ccd/3520790088/il_fullxfull.3520790088_2fe6.jpg,https://i.etsystatic.com/17434867/r/il/43ddfa/3520790114/il_fullxfull.3520790114_m1k2.jpg,https://i.etsystatic.com/17434867/r/il/bd9cc6/3520790112/il_fullxfull.3520790112_f3nu.jpg,,,,,,,,,nlce 101
Blue Green | Plaid Maasai Shuka | Shuka | winter blanket |Campfire Side African Shawl | Warrior Shawl | Camping Shawl |Tv Blanket,"Authentic Traditional African Plaid Shawl or Shuka Ideal for those cold Christmas/winter nights by the campfire or in the house watching telly.


Very colorful and warm.


The shuka is 200cm long and 150cm wide. Made of 100% pure Acrylic.


Itâ€™s a unisex shawl and can be bought for anyone as a gift for using when it's cold with a loved one, used as a throw to give your couch & room that relaxed colorful look or for going camping.


FREE Express Shipping!


3-5 Days Express Shipping Via DHL.


Go on and get yourself or a loved one!",49.95,USD,100,"shawl,tv_blanket,christmas_gift,masai_shuka,christmas_blanket,christmas_throws,african_maasai_shuka,Plaid_Blanket,gifts_for_her,gifts_for_him,gifts_for_men,personalized_gift","Pink Blue,Blue Green",https://i.etsystatic.com/17434867/r/il/a589db/3518271460/il_fullxfull.3518271460_dkaw.jpg,https://i.etsystatic.com/17434867/r/il/38eb91/3518271492/il_fullxfull.3518271492_jxyc.jpg,https://i.etsystatic.com/17434867/r/il/85cddd/3565909057/il_fullxfull.3565909057_926t.jpg,https://i.etsystatic.com/17434867/r/il/ca642c/3518271592/il_fullxfull.3518271592_12g5.jpg,,,,,,,,,,,,,lils105
Pink Blue | Plaid Maasai Shuka | Shuka | winter blanket |Campfire Side African Shawl | Warrior Shawl | Camping Shawl |Tv Blanket,"Authentic Traditional African Plaid Shawl or Shuka Ideal for those cold Christmas/winter nights by the campfire or in the house watching telly.


Very colorful and warm.


The shuka is 200cm long and 150cm wide. Made of 100% pure Acrylic.


Itâ€™s a unisex shawl and can be bought for anyone as a gift for using when it's cold with a loved one, used as a throw to give your couch & room that relaxed colorful look or for going camping.


FREE Express Shipping!


3-5 Days Express Shipping Via DHL.


Go on and get yourself or a loved one!",49.95,USD,100,"shawl,tv_blanket,christmas_gift,masai_shuka,christmas_blanket,christmas_throws,african_maasai_shuka,Plaid_Blanket,gifts_for_her,gifts_for_him,gifts_for_men,personalized_gift,Pink_Blue",,https://i.etsystatic.com/17434867/r/il/35efdc/3565907255/il_fullxfull.3565907255_65lj.jpg,https://i.etsystatic.com/17434867/r/il/9da01e/3565907363/il_fullxfull.3565907363_nia9.jpg,https://i.etsystatic.com/17434867/r/il/091066/3565907415/il_fullxfull.3565907415_ar4b.jpg,https://i.etsystatic.com/17434867/r/il/3b5d97/3518269982/il_fullxfull.3518269982_l9hf.jpg,https://i.etsystatic.com/17434867/r/il/a20fc7/3565907537/il_fullxfull.3565907537_hdxb.jpg,https://i.etsystatic.com/17434867/r/il/55bc47/3565907609/il_fullxfull.3565907609_rwbd.jpg,,,,,,,,,,,lils106
On SALE African Blue Beaded Multicolored Necklace| Maasai Choker | Stylish | Gift Her | Masai Mara,"On SALE African Blue Beaded Multicolored Necklace| Maasai Choker | Stylish | Gift Her | Masai Mara

Maasai necklace. It is made and worn by Kenyan Maasai Women as a casual accessory.

One size fits all.


Can complement your casual outfit beautifully.


Go on and get this awesome Piece!

Please follow the link for more African inspired Necklaces
https://www.etsy.com/shop/TribalMaasaiShop?ref=seller-platform-mcnavÂ§ion_id=23761534",24.95,USD,19,"wedding,bridal_shower,birthday,gift_for_her,sexy,valentines,masai_necklace,bead_necklace,african_necklace,love_gift,boho_necklace,blue,red",,https://i.etsystatic.com/17434867/r/il/c1bb7a/1555846942/il_fullxfull.1555846942_7xs3.jpg,https://i.etsystatic.com/17434867/r/il/5875ff/1603305123/il_fullxfull.1603305123_4fyp.jpg,https://i.etsystatic.com/17434867/r/il/b1bf71/1603304147/il_fullxfull.1603304147_2kuf.jpg,,,,,,,,,,,,,,127
Red Orange Fire | Plaid Maasai Shuka | Shuka | winter blanket |Campfire Side African Shawl | Warrior Shawl | Camping Shawl |Tv Blanket,"Authentic Traditional African Plaid Shawl or Shuka Ideal for those cold Christmas/winter nights by the campfire or in the house watching telly.


Very colorful and warm.


The shuka is 200cm long and 150cm wide. Made of 100% pure Acrylic.


Itâ€™s a unisex shawl and can be bought for anyone as a gift for using when it's cold with a loved one, used as a throw to give your couch & room that relaxed colorful look or for going camping.


FREE Express Shipping!


3-5 Days Express Shipping Via DHL.


Go on and get yourself or a loved one!",49.95,USD,100,"shawl,tv_blanket,christmas_gift,maasai_shawl,winter_blanket,camping_blanket,masai_shuka,christmas_blanket,holidays_blanket,christmas_throws,african_maasai_shuka,Plaid_Blanket,Red_Orange",,https://i.etsystatic.com/17434867/r/il/fc2364/3512479770/il_fullxfull.3512479770_dywc.jpg,https://i.etsystatic.com/17434867/r/il/dcbac3/3560119709/il_fullxfull.3560119709_cfkt.jpg,https://i.etsystatic.com/17434867/r/il/a992bb/3560119853/il_fullxfull.3560119853_3391.jpg,,,,,,,,,,,,,,lils93
Red Black | Plaid Maasai Shuka | Shuka | winter blanket |Campfire Side African Shawl | Warrior Shawl | Camping Shawl |Tv Blanket,"Authentic Traditional African Plaid Shawl or Shuka Ideal for those cold Christmas/winter nights by the campfire or in the house watching telly.


Very colorful and warm.


The shuka is 200cm long and 150cm wide. Made of 100% pure Acrylic.


Itâ€™s a unisex shawl and can be bought for anyone as a gift for using when it's cold with a loved one, used as a throw to give your couch & room that relaxed colorful look or for going camping.


FREE Express Shipping!


3-5 Days Express Shipping Via DHL.


Go on and get yourself or a loved one!",49.95,USD,100,"shawl,tv_blanket,christmas_gift,maasai_shawl,winter_blanket,camping_blanket,masai_shuka,christmas_blanket,holidays_blanket,christmas_throws,african_maasai_shuka,Plaid_Blanket,Red_Black",,https://i.etsystatic.com/17434867/r/il/bf50ca/3512475016/il_fullxfull.3512475016_qxa2.jpg,https://i.etsystatic.com/17434867/r/il/3b8586/3560114379/il_fullxfull.3560114379_pufo.jpg,https://i.etsystatic.com/17434867/r/il/30e653/3560114457/il_fullxfull.3560114457_pypi.jpg,https://i.etsystatic.com/17434867/r/il/92f7e1/3560114537/il_fullxfull.3560114537_laqu.jpg,https://i.etsystatic.com/17434867/r/il/e55ddb/3512475302/il_fullxfull.3512475302_cv5l.jpg,https://i.etsystatic.com/17434867/r/il/83cee2/3512475446/il_fullxfull.3512475446_lqe6.jpg,https://i.etsystatic.com/17434867/r/il/ada788/3560114875/il_fullxfull.3560114875_i2la.jpg,,,,,,,,,,lils92
Green Black | Plaid Maasai Shuka | Shuka | winter blanket |Campfire Side African Shawl | Warrior Shawl | Camping Shawl |Tv Blanket,"Authentic Traditional African Plaid Shawl or Shuka Ideal for those cold Christmas/winter nights by the campfire or in the house watching telly.


Very colorful and warm.


The shuka is 200cm long and 150cm wide. Made of 100% pure Acrylic.


Itâ€™s a unisex shawl and can be bought for anyone as a gift for using when it's cold with a loved one, used as a throw to give your couch & room that relaxed colorful look or for going camping.


FREE Express Shipping!


3-5 Days Express Shipping Via DHL.


Go on and get yourself or a loved one!",49.95,USD,100,"shawl,tv_blanket,christmas_gift,maasai_shawl,winter_blanket,camping_blanket,masai_shuka,christmas_blanket,holidays_blanket,christmas_throws,african_maasai_shuka,Plaid_Blanket,Green_Black",,https://i.etsystatic.com/17434867/r/il/58de10/3560110155/il_fullxfull.3560110155_lmjs.jpg,https://i.etsystatic.com/17434867/r/il/b5e37a/3512470886/il_fullxfull.3512470886_sn2i.jpg,https://i.etsystatic.com/17434867/r/il/c63c2d/3560110339/il_fullxfull.3560110339_9bey.jpg,https://i.etsystatic.com/17434867/r/il/aa8309/3560110403/il_fullxfull.3560110403_fqm7.jpg,https://i.etsystatic.com/17434867/r/il/43a151/3512471344/il_fullxfull.3512471344_38p6.jpg,https://i.etsystatic.com/17434867/r/il/61875e/3560110707/il_fullxfull.3560110707_kw9s.jpg,,,,,,,,,,,lils91
Blue Black | Plaid Maasai Shuka | Shuka | winter blanket |Campfire Side African Shawl | Warrior Shawl | Camping Shawl |Tv Blanket,"Authentic Traditional African Plaid Shawl or Shuka Ideal for those cold Christmas/winter nights by the campfire or in the house watching telly.


Very colorful and warm.


The shuka is 200cm long and 150cm wide. Made of 100% pure Acrylic.


Itâ€™s a unisex shawl and can be bought for anyone as a gift for using when it's cold with a loved one, used as a throw to give your couch & room that relaxed colorful look or for going camping.


FREE Express Shipping!


3-5 Days Express Shipping Via DHL.


Go on and get yourself or a loved one!",49.95,USD,100,"shawl,tv_blanket,christmas_gift,maasai_shawl,winter_blanket,camping_blanket,masai_shuka,christmas_blanket,holidays_blanket,christmas_throws,african_maasai_shuka,Plaid_Blanket,Blue_Black",,https://i.etsystatic.com/17434867/r/il/d90cf8/3560106209/il_fullxfull.3560106209_hzd0.jpg,https://i.etsystatic.com/17434867/r/il/dce7ba/3512466948/il_fullxfull.3512466948_p0j5.jpg,https://i.etsystatic.com/17434867/r/il/30685c/3512467240/il_fullxfull.3512467240_356n.jpg,https://i.etsystatic.com/17434867/r/il/6097f5/3560106749/il_fullxfull.3560106749_re07.jpg,https://i.etsystatic.com/17434867/r/il/33a916/3560106873/il_fullxfull.3560106873_ryw9.jpg,https://i.etsystatic.com/17434867/r/il/02b4e3/3512467640/il_fullxfull.3512467640_bz7b.jpg,,,,,,,,,,,lils90
Black Red Maasai Shuka | Warrior Shuka | winter blanket |Campfire Side African Shawl | Warrior Shawl | Camping Shawl |Tv Blanket,"Authentic Traditional African Shawl or Shuka Ideal for those cold Christmas/winter nights by the campfire or in the house watching telly.


Very colorful and warm.


The shuka is 200cm long and 150cm wide. Made of 100% pure Acrylic.


Itâ€™s a unisex shawl and can be bought for anyone as a gift for using when it's cold with a loved one, used as a throw to give your couch & room that relaxed colorful look or for going camping.


FREE Express Shipping!


3-5 Days Express Shipping Via DHL.


Go on and get yourself or a loved one!",49.95,USD,100,"shawl,tv_blanket,christmas_gift,maasai_shawl,winter_blanket,camping_blanket,snow_blanket,masai_shuka,christmas_blanket,holidays_blanket,christmas_throws,african_maasai_shuka,black_red",,https://i.etsystatic.com/17434867/r/il/f5c3bc/3557779677/il_fullxfull.3557779677_c3o2.jpg,https://i.etsystatic.com/17434867/r/il/e9cb1e/3557779733/il_fullxfull.3557779733_o1zb.jpg,https://i.etsystatic.com/17434867/r/il/d12039/3510143156/il_fullxfull.3510143156_4tfz.jpg,,,,,,,,,,,,,,lils41
